id;name;image_path;description;is_active;createdd_by;created_time;updated_by;updated_time
1;aside furthermore;championship apprehensive stock;staid onto;true;hospitable structure;2025-03-25T02:56:26;all scar;2025-03-24T21:05:50
2;planula;impressive doing;er;true;impish;2025-03-25T09:18:51;remark;2025-03-25T05:25:55
3;behest ew;phooey;without healthily ouch;false;above;2025-03-24T23:04:47;fondly switchboard;2025-03-24T12:04:40
4;phew;surprisingly;mid upbeat;true;dividend depute cautious;2025-03-24T12:20:42;shocked loyalty mid;2025-03-25T04:45:36
5;for cluttered;midst woefully within;jellyfish character log;true;restaurant fond;2025-03-24T12:31:07;upon ew moist;2025-03-24T22:08:12
6;geez oh;astride notwithstanding;validity overreact yearly;false;naughty;2025-03-25T07:26:18;boo;2025-03-25T08:38:54
7;pish offset through;atomize farm gosh;roughly orderly off;false;veg until cutover;2025-03-24T15:21:04;consequently;2025-03-24T17:23:00
8;excluding worth fund;down ick truthfully;redound despite;false;pish windy;2025-03-24T23:12:36;down astride needily;2025-03-24T20:21:00
9;beneath reboot;raw searchingly daughter;swanling irritably;true;trivial as;2025-03-24T12:41:18;outside youthfully writhing;2025-03-24T22:58:29
10;safely generously vacantly;chasuble since gah;freckle huff antagonize;true;afore carelessly;2025-03-25T03:15:54;frankly instructive;2025-03-24T12:53:03
