id;terms_link;aggreed_on;is_active;createdd_by;created_time;updated_by;updated_time
1;agile;2025-03-25T07:42:41;false;ceramic unless;2025-03-24T09:00:04;precedent nervously mothball;2025-03-25T05:55:19
2;honestly statement insidious;2025-03-25T05:24:23;true;granular round browse;2025-03-24T15:49:52;when hurtful;2025-03-24T19:44:08
3;before bar;2025-03-25T08:46:15;false;wherever list;2025-03-24T10:36:54;but deeply;2025-03-25T01:04:19
4;kiddingly;2025-03-24T17:49:12;true;wisely digit per;2025-03-24T23:16:35;courteous steeple oh;2025-03-24T23:34:07
5;regarding come;2025-03-24T20:44:15;false;spiteful whether grandiose;2025-03-24T09:02:15;wheel ick;2025-03-24T15:49:11
6;which;2025-03-24T13:21:59;false;along;2025-03-24T09:20:49;coexist;2025-03-25T00:21:01
7;yet;2025-03-24T13:25:29;false;beyond;2025-03-24T22:04:01;too;2025-03-24T12:04:09
8;readily eek among;2025-03-24T17:39:15;true;ridge spook oddly;2025-03-24T23:11:50;among;2025-03-25T05:11:11
9;moral;2025-03-25T06:42:00;false;bookend;2025-03-25T06:22:33;lined;2025-03-24T17:31:16
10;geez;2025-03-24T10:09:29;true;from;2025-03-25T08:35:08;than cinema misspend;2025-03-24T15:26:49
